warung,tempat,nyaman,tatanan,serasi,layan,ramah,sedia,menu,pizza,spaghetti,rendang,pizzanya,enak,mantap,spagheti,rendang,enak,nikmat,kopi,segar,mantap,makan,santai,nyaman
maju,warung,sasak,sasak,cafe,bagus,makan,orangorang,ramah,nikmat,libur
salah,favorit,pinggir,pantai,tempat,sih,sederhana,salah,kalo,menu,makan,laut,spesialis,jamin,enak
salah,alternatif,makan,seafood,pinggir,pantai,lombok,citarasa,udang,bakar,enak,ikan,fillet,puas,sabar,masak,lumayan,sembari,nikmat,pantai
makan,enak,saji,tempat,senang,nyaman,teman,teman,unjung,terima,kasih
harga,sesuai,kualitas,nyobain,ayam,taliwangnya,enak,harga,murah,cuman,ribu,an,daging,gak,tulang,recommended,banget
hadir,grand,opening,restaurant,so,amazing,nya,strategis,menu,hidang,enak,pasta,pizza,salah,dessert,gelato,dessert
tempat,nyaman,romantis,sore,nikmatin,sunset,lombok,menu,yg,saji,lumayan,mantap
makan,restoran,indah,laut,nikmat,layan,sempurna,makan,rekomendasi,harga,mahal,harga
warung,delivery,pilih,hotel,katamaran,resort,makan,enak,harga,jangkau,beli,ayam,taliwang
muas,malam,pasang,yg,honeymoon,layan,staff,muas,buka,kontrak,rate,hotel,saran,pilih,hotel,malam,senggigi
senang,stay,holiday,resort,lombok,kamar,luas,bersih,makan,enak,layan,ramah,view,resort,bagus,kolam,renang,hadap,tepi,pantai,stay
jemput,tamu,madu,surabaya,lombok,interational,airport,langsung,hotel,jarak,jam,airport,sambut,langsung,layan,hotel,ramah,sigap,layan,tempat,nyaman,bersih
tempat,jalan,raya,sengigi,langsung,arah,pantai,area,luas,sisi,langsung,arah,pantai,sisi,menyebrang,jalan,hotel,awat,bangun,suram,area,kolam,rawat,renovasi,awat,detail,management,hotel,staff,ramah,bantu,menu,breakfast,standar
pesan,traveloka,kamar,tepi,pantai,kamar,sedia,upgrade,kamar,sea,view,kamar,pandang,laut,kamar,kamar,bersih,ac,dingin,sarap,enak,layan,joss,santa,gazebo,dengar,debur,ombak,tingkat,layan,restoran,restoran,sempit
tarik,lingkung,giat,cuman,nyamuk,lingkung,tangan,layan,muas,karyawan,ramah,layan,cepat,makan,kwalitas,lengkap,lokasi
hotel,bintang,layan,muas,interior,mewah,lobykamar,ruang,ballroom,ya,megah,makan,enak,cepat,staff,merefill,makan,inap,acara,kantor
hotel,tata,ruang,simpel,bagus,fasilitas,hotel,lengkap,ramai,malam,senggigi,karyawannya,ramah,layan,tamu,samping,harga,sesuai,harga,bayar
nyaman,tenang,istirahat,beraktifitas,hari,fasilitas,n,bersih,ok,banget,lokasi,tengah,kampung,pantai,n,lokasi,ramai,keluarga,anak,aman
hotel,nyaman,kamar,bagus,kamar,mandi,oke,ownernya,ramah,banget,sarap,snack,sore,enak,hotel,mudah,capai,pantai,senggigi,terima,kasih,bob,steph
diri,mall,favorit,medan,ramai,libur,toko,jual,makanandan,toko,pakai,usaha,aplikasi,ovo,bawa,uang,cash,bantu,bayar
mall,ok,lengkap,supermarket,hypermart,bioskop,food,outlet,belah,transmart
mall,legendaris,seri,layak,sinetron,sanjung,nyaman,dar,cuci,mata,shopping,sedia
mall,sedia,brand,lengkap,foodcourt,kalah,kota,lokasi,pusat,kota,mudah,jangkau,kendara,taksi,kendara,online,over,all,good,kota,mataram,kembang
pasar,gede,solo,lokasi,jl,urip,sumoharjo,solo,bangun,pasar,kuno,diri,megah,bangun,landa,banjir,bandang,beridiri,kokoh,parkir,sulit,keluarga,pasar,gede,nikmat,kuliner,pasar
suka,mall,gak,gerai,mahalmahal,aja,murah,tenantnya,pilih,mallnya,gak,gak,susah,manamana,parkir,ga,basement,gak,mutermuter,basement,cari,parkir
makan,daerah,aneka,ragam,menu,ramai,unjung,tiap,weekend,salah,tuju,semarang
pvj,salah,mall,kunjung,orang,bandung,arsitektur,bagus,satu,alam,udara,buka,brand,nama,mall
mall,besar,dijakarta,letak,pusat,bisnis,pusat,kota,jakartadengan,banyak,merk,branded,nama,dunia
cari,butuh,seharihari,pusat,belanja,cocok,barangbarangnya,lengkap,perlu,tempat,area,luas,jalan,sunset,road,mudah,akses,heran,ekspat,belanja
